Workbook

Sheet Feuil1
A1: ID | B1: Massar | C1: Nom | D1: Prenom | E1: Telephone_Pere | F1: Telephone_mere | G1: Telephone_autre | H1: Classe | I1: niveau | J1: Genre | K1: ok
A2: 1 | B2: A168048298 | C2: القندوسي | D2: حمزة | E2: 212661128085 | F2: 212671364083 | H2: TCSF-3 | I2: الجذع المشترك العلمي – خيار فرنسية | J2: ذكر | K2: =VLOOKUP(B2,Feuil2!B:B,1,0) -> A168048298
A3: 11 | B3: B160005970 | C3: ميحيت | D3: خيرة | E3: 212670206873 | F3: 212712950675 | H3: TCSF-3 | I3: الجذع المشترك العلمي – خيار فرنسية | J3: أنثى | K3: =VLOOKUP(B3,Feuil2!B:B,1,0) -> B160005970
A4: 17 | B4: B160006503 | C4: حسايني | D4: اسلام | E4: 212662819288 | H4: TCSF-3 | I4: الجذع المشترك العلمي – خيار فرنسية | J4: أنثى | K4: =VLOOKUP(B4,Feuil2!B:B,1,0) -> B160006503
A5: 12 | B5: B160025216 | C5: علاوي | D5: خولة | E5: 212666148168 | H5: TCSF-2 | I5: الجذع المشترك العلمي – خيار فرنسية | J5: أنثى | K5: =VLOOKUP(B5,Feuil2!B:B,1,0) -> B160025216
A6: 20 | B6: B160039442 | C6: الجلد | D6: آدم | E6: 212667294555 | H6: TCSF-1 | I6: الجذع المشترك العلمي – خيار فرنسية | J6: ذكر | K6: =VLOOKUP(B6,Feuil2!B:B,1,0) -> B160039442
A7: 20 | B7: B160039442 | C7: الجلد | D7: آدم | E7: 212667294555 | H7: TCSF-1 | I7: الجذع المشترك العلمي – خيار فرنسية | J7: ذكر | K7: =VLOOKUP(B7,Feuil2!B:B,1,0) -> B160039442
A8: 2 | B8: B160042328 | C8: دوحي | D8: هاجر | E8: 212661260203 | F8: 212658641474 | H8: 3APIC-1 | I8: الثالثة إعدادي مسار دولي | J8: أنثى | K8: =VLOOKUP(B8,Feuil2!B:B,1,0) -> B160042328
A9: 1 | B9: B160046082 | C9: حناني | D9: محمد أيمن | E9: 212661177772 | F9: 212645964156 | H9: TCSF-1 | I9: الجذع المشترك العلمي – خيار فرنسية | J9: ذكر | K9: =VLOOKUP(B9,Feuil2!B:B,1,0) -> B160046082
A10: 1 | B10: B160046082 | C10: حناني | D10: محمد أيمن | E10: 212661177772 | F10: 212645964156 | H10: TCSF-1 | I10: الجذع المشترك العلمي – خيار فرنسية | J10: ذكر | K10: =VLOOKUP(B10,Feuil2!B:B,1,0) -> B160046082
A11: 22 | B11: B160046699 | C11: العياشي | D11: نبيل | E11: 212661175654 | F11: 212661265770 | H11: TCSF-3 | I11: الجذع المشترك العلمي – خيار فرنسية | J11: ذكر | K11: =VLOOKUP(B11,Feuil2!B:B,1,0) -> B160046699
A12: 2 | B12: B161004436 | C12: دوحي | D12: هناء | E12: 212668579733 | H12: TCSF-1 | I12: الجذع المشترك العلمي – خيار فرنسية | J12: أنثى | K12: =VLOOKUP(B12,Feuil2!B:B,1,0) -> B161004436
A13: 2 | B13: B161004436 | C13: دوحي | D13: هناء | E13: 212668579733 | H13: TCSF-1 | I13: الجذع المشترك العلمي – خيار فرنسية | J13: أنثى | K13: =VLOOKUP(B13,Feuil2!B:B,1,0) -> B161004436
A14: 14 | B14: B161004447 | C14: مغفور | D14: عثمان | E14: 212661087257 | F14: 212670434903 | H14: 3APIC-3 | I14: الثالثة إعدادي مسار دولي | J14: ذكر | K14: =VLOOKUP(B14,Feuil2!B:B,1,0) -> B161004447
A15: 1 | B15: B161006718 | C15: اصغيري | D15: صفاء | E15: 212662107262 | H15: TCSF-2 | I15: الجذع المشترك العلمي – خيار فرنسية | J15: أنثى | K15: =VLOOKUP(B15,Feuil2!B:B,1,0) -> B161006718
A16: 21 | B16: B161030628 | C16: بوسغان | D16: مهدي | E16: 212668400186 | F16: 212613526158 | H16: TCSF-1 | I16: الجذع المشترك العلمي – خيار فرنسية | J16: ذكر | K16: =VLOOKUP(B16,Feuil2!B:B,1,0) -> B161030628
A17: 21 | B17: B161030628 | C17: بوسغان | D17: مهدي | E17: 212668400186 | F17: 212613526158 | H17: TCSF-1 | I17: الجذع المشترك العلمي – خيار فرنسية | J17: ذكر | K17: =VLOOKUP(B17,Feuil2!B:B,1,0) -> B161030628
A18: 3 | B18: B161035053 | C18: ركبي | D18: عثمان | E18: 212613588248 | F18: 212766935587 | H18: TCSF-1 | I18: الجذع المشترك العلمي – خيار فرنسية | J18: ذكر | K18: =VLOOKUP(B18,Feuil2!B:B,1,0) -> B161035053
A19: 3 | B19: B161035053 | C19: ركبي | D19: عثمان | E19: 212613588248 | F19: 212766935587 | H19: TCSF-1 | I19: الجذع المشترك العلمي – خيار فرنسية | J19: ذكر | K19: =VLOOKUP(B19,Feuil2!B:B,1,0) -> B161035053
A20: 4 | B20: B161040963 | C20: نجاري | D20: رانية | E20: 212628449230 | F20: 212672615777 | H20: TCSF-1 | I20: الجذع المشترك العلمي – خيار فرنسية | J20: أنثى | K20: =VLOOKUP(B20,Feuil2!B:B,1,0) -> B161040963
A21: 4 | B21: B161040963 | C21: نجاري | D21: رانية | E21: 212628449230 | F21: 212672615777 | H21: TCSF-1 | I21: الجذع المشترك العلمي – خيار فرنسية | J21: أنثى | K21: =VLOOKUP(B21,Feuil2!B:B,1,0) -> B161040963
A22: 16 | B22: B162001166 | C22: قيسي | D22: غيثة | E22: 33 7 59 48 83 15 | F22: 212601498673 | H22: TCSF-2 | I22: الجذع المشترك العلمي – خيار فرنسية | J22: أنثى | K22: =VLOOKUP(B22,Feuil2!B:B,1,0) -> B162001166
A23: 17 | B23: B162009093 | C23: حسني | D23: فردوس | F23: 212626700427 | H23: TCSF-2 | I23: الجذع المشترك العلمي – خيار فرنسية | J23: أنثى | K23: =VLOOKUP(B23,Feuil2!B:B,1,0) -> B162009093
A24: 5 | B24: B162011475 | C24: الحجراوي | D24: آية | E24: 212655494961 | F24: 212624698755 | H24: TCSF-1 | I24: الجذع المشترك العلمي – خيار فرنسية | J24: أنثى | K24: =VLOOKUP(B24,Feuil2!B:B,1,0) -> B162011475
A25: 5 | B25: B162011475 | C25: الحجراوي | D25: آية | E25: 212655494961 | F25: 212624698755 | H25: TCSF-1 | I25: الجذع المشترك العلمي – خيار فرنسية | J25: أنثى | K25: =VLOOKUP(B25,Feuil2!B:B,1,0) -> B162011475
A26: 3 | B26: B162043701 | C26: أبغرير | D26: محمد أمين | E26: 212682603895 | F26: 212762011686 | H26: TCSF-3 | I26: الجذع المشترك العلمي – خيار فرنسية | J26: ذكر | K26: =VLOOKUP(B26,Feuil2!B:B,1,0) -> B162043701
A27: 1 | B27: B162049873 | C27: بوعبداللاوي | D27: سلمى | E27: 212651353913 | F27: 212698984941 | H27: 3APIC-3 | I27: الثالثة إعدادي مسار دولي | J27: أنثى | K27: =VLOOKUP(B27,Feuil2!B:B,1,0) -> B162049873
A28: 15 | B28: B163026464 | C28: نشاط | D28: زينب | E28: 212666617942 | F28: 212642301628 | H28: TCSF-1 | I28: الجذع المشترك العلمي – خيار فرنسية | J28: أنثى | K28: =VLOOKUP(B28,Feuil2!B:B,1,0) -> B163026464
A29: 15 | B29: B163026464 | C29: نشاط | D29: زينب | E29: 212666617942 | F29: 212642301628 | H29: TCSF-1 | I29: الجذع المشترك العلمي – خيار فرنسية | J29: أنثى | K29: =VLOOKUP(B29,Feuil2!B:B,1,0) -> B163026464
A30: 20 | B30: B163029758 | C30: دحمان | D30: يوسف شاهين | E30: 212662487637 | H30: 3APIC-3 | I30: الثالثة إعدادي مسار دولي | J30: ذكر | K30: =VLOOKUP(B30,Feuil2!B:B,1,0) -> B163029758
A31: 18 | B31: B163030944 | C31: مرزوقي | D31: زهير | F31: 34 643 37 45 89 | H31: 3APIC-3 | I31: الثالثة إعدادي مسار دولي | J31: ذكر | K31: =VLOOKUP(B31,Feuil2!B:B,1,0) -> B163030944
A32: 11 | B32: B163033705 | C32: بنرحو | D32: وهيب | E32: 212667772378 | H32: 3APIC-3 | I32: الثالثة إعدادي مسار دولي | J32: ذكر | K32: =VLOOKUP(B32,Feuil2!B:B,1,0) -> B163033705
A33: 3 | B33: B163035905 | C33: أنزار | D33: عمر | E33: 212672108857 | F33: 212616837016 | H33: TCSF-2 | I33: الجذع المشترك العلمي – خيار فرنسية | J33: ذكر | K33: =VLOOKUP(B33,Feuil2!B:B,1,0) -> B163035905
A34: 4 | B34: B163043709 | C34: برمضان | D34: وردة | F34: 212613564321 | H34: TCSF-2 | I34: الجذع المشترك العلمي – خيار فرنسية | J34: أنثى | K34: =VLOOKUP(B34,Feuil2!B:B,1,0) -> B163043709
A35: 7 | B35: B163044274 | C35: اليوسفي | D35: اشرف | F35: 212626802001 | H35: TCSF-1 | I35: الجذع المشترك العلمي – خيار فرنسية | J35: ذكر | K35: =VLOOKUP(B35,Feuil2!B:B,1,0) -> B163044274
A36: 7 | B36: B163044274 | C36: اليوسفي | D36: اشرف | F36: 212626802001 | H36: TCSF-1 | I36: الجذع المشترك العلمي – خيار فرنسية | J36: ذكر | K36: =VLOOKUP(B36,Feuil2!B:B,1,0) -> B163044274
A37: 15 | B37: B163048348 | C37: وكوتي | D37: محمد أمين | E37: 212618407618 | F37: 212611507738 | H37: 3APIC-3 | I37: الثالثة إعدادي مسار دولي | J37: ذكر | K37: =VLOOKUP(B37,Feuil2!B:B,1,0) -> B163048348
A38: 22 | B38: B164008379 | C38: العياني | D38: ياسمين | E38: 212672764772 | F38: 212624250976 | H38: TCSF-1 | I38: الجذع المشترك العلمي – خيار فرنسية | J38: أنثى | K38: =VLOOKUP(B38,Feuil2!B:B,1,0) -> B164008379
A39: 22 | B39: B164008379 | C39: العياني | D39: ياسمين | E39: 212672764772 | F39: 212624250976 | H39: TCSF-1 | I39: الجذع المشترك العلمي – خيار فرنسية | J39: أنثى | K39: =VLOOKUP(B39,Feuil2!B:B,1,0) -> B164008379
A40: 16 | B40: B164012906 | C40: بوسحابة | D40: رميساء | E40: 212625115047 | F40: 212710274126 | H40: 2APIC-2 | I40: الثانية إعدادي مسار دولي | J40: أنثى | K40: =VLOOKUP(B40,Feuil2!B:B,1,0) -> B164012906
A41: 4 | B41: B164015871 | C41: بنسعيدي | D41: المهدي | E41: 212639637776 | F41: 212655671529 | H41: TCSF-3 | I41: الجذع المشترك العلمي – خيار فرنسية | J41: ذكر | K41: =VLOOKUP(B41,Feuil2!B:B,1,0) -> B164015871
A42: 2 | B42: B164017866 | C42: ادريوش | D42: إسلام | E42: 212662358212 | F42: 212681093778 | H42: 3APIC-3 | I42: الثالثة إعدادي مسار دولي | J42: أنثى | K42: =VLOOKUP(B42,Feuil2!B:B,1,0) -> B164017866
A43: 19 | B43: B164026413 | C43: بوشقيف | D43: إلهام | F43: 212658931169 | H43: TCSF-3 | I43: الجذع المشترك العلمي – خيار فرنسية | J43: أنثى | K43: =VLOOKUP(B43,Feuil2!B:B,1,0) -> B164026413
A44: 23 | B44: B164029886 | C44: برحيلي | D44: محمد | F44: 212672880077 | H44: TCSF-1 | I44: الجذع المشترك العلمي – خيار فرنسية | J44: ذكر | K44: =VLOOKUP(B44,Feuil2!B:B,1,0) -> B164029886
A45: 23 | B45: B164029886 | C45: برحيلي | D45: محمد | F45: 212672880077 | H45: TCSF-1 | I45: الجذع المشترك العلمي – خيار فرنسية | J45: ذكر | K45: =VLOOKUP(B45,Feuil2!B:B,1,0) -> B164029886
A46: 8 | B46: B164031406 | C46: حمزاوي | D46: علي | E46: 212709207072 | H46: TCSF-1 | I46: الجذع المشترك العلمي – خيار فرنسية | J46: ذكر | K46: =VLOOKUP(B46,Feuil2!B:B,1,0) -> B164031406
A47: 8 | B47: B164031406 | C47: حمزاوي | D47: علي | E47: 212709207072 | H47: TCSF-1 | I47: الجذع المشترك العلمي – خيار فرنسية | J47: ذكر | K47: =VLOOKUP(B47,Feuil2!B:B,1,0) -> B164031406
A48: 5 | B48: B164035048 | C48: المهداوي | D48: حمزة | E48: 212626190308 | F48: 212662432630 | H48: TCSF-2 | I48: الجذع المشترك العلمي – خيار فرنسية | J48: ذكر | K48: =VLOOKUP(B48,Feuil2!B:B,1,0) -> B164035048
A49: 21 | B49: B164035065 | C49: لواشيشي | D49: محمد أمين | F49: 212628091819 | H49: TCSF-3 | I49: الجذع المشترك العلمي – خيار فرنسية | J49: ذكر | K49: =VLOOKUP(B49,Feuil2!B:B,1,0) -> B164035065
A50: 9 | B50: B164039342 | C50: ميموني | D50: مروة | F50: 212611143365 | H50: TCSF-1 | I50: الجذع المشترك العلمي – خيار فرنسية | J50: أنثى | K50: =VLOOKUP(B50,Feuil2!B:B,1,0) -> B164039342
A51: 9 | B51: B164039342 | C51: ميموني | D51: مروة | F51: 212611143365 | H51: TCSF-1 | I51: الجذع المشترك العلمي – خيار فرنسية | J51: أنثى | K51: =VLOOKUP(B51,Feuil2!B:B,1,0) -> B164039342
A52: 6 | B52: B164039551 | C52: بن عبد الله | D52: محمد أمين | E52: 212661920404 | F52: 212668843804 | H52: TCSF-2 | I52: الجذع المشترك العلمي – خيار فرنسية | J52: ذكر | K52: =VLOOKUP(B52,Feuil2!B:B,1,0) -> B164039551
A53: 10 | B53: B164043249 | C53: حميريفو | D53: سعد | F53: 212781646952 | H53: TCSF-1 | I53: الجذع المشترك العلمي – خيار فرنسية | J53: ذكر | K53: =VLOOKUP(B53,Feuil2!B:B,1,0) -> B164043249
A54: 10 | B54: B164043249 | C54: حميريفو | D54: سعد | F54: 212781646952 | H54: TCSF-1 | I54: الجذع المشترك العلمي – خيار فرنسية | J54: ذكر | K54: =VLOOKUP(B54,Feuil2!B:B,1,0) -> B164043249
A55: 19 | B55: B165016101 | C55: بنبراهيم | D55: عمران | E55: 212703826077 | F55: 212697634367 | H55: 3APIC-3 | I55: الثالثة إعدادي مسار دولي | J55: ذكر | K55: =VLOOKUP(B55,Feuil2!B:B,1,0) -> B165016101
A56: 15 | B56: B165016985 | C56: بندلة | D56: محمد | E56: 212661820148 | F56: 212621255255 | H56: TCSF-2 | I56: الجذع المشترك العلمي – خيار فرنسية | J56: ذكر | K56: =VLOOKUP(B56,Feuil2!B:B,1,0) -> B165016985
A57: 11 | B57: B165039341 | C57: صالحي | D57: هند | E57: 212616603231 | F57: 212616603231 | H57: TCSF-1 | I57: الجذع المشترك العلمي – خيار فرنسية | J57: أنثى | K57: =VLOOKUP(B57,Feuil2!B:B,1,0) -> B165039341
A58: 11 | B58: B165039341 | C58: صالحي | D58: هند | E58: 212616603231 | F58: 212616603231 | H58: TCSF-1 | I58: الجذع المشترك العلمي – خيار فرنسية | J58: أنثى | K58: =VLOOKUP(B58,Feuil2!B:B,1,0) -> B165039341
A59: 12 | B59: B165039343 | C59: عزيز | D59: أسامة | E59: 212767016744 | H59: TCSF-1 | I59: الجذع المشترك العلمي – خيار فرنسية | J59: ذكر | K59: =VLOOKUP(B59,Feuil2!B:B,1,0) -> B165039343
A60: 12 | B60: B165039343 | C60: عزيز | D60: أسامة | E60: 212767016744 | H60: TCSF-1 | I60: الجذع المشترك العلمي – خيار فرنسية | J60: ذكر | K60: =VLOOKUP(B60,Feuil2!B:B,1,0) -> B165039343
A61: 20 | B61: B165043769 | C61: منتبه | D61: عثمان | E61: 212661466674 | F61: 212603326758 | H61: 3APIC-2 | I61: الثالثة إعدادي مسار دولي | J61: ذكر | K61: =VLOOKUP(B61,Feuil2!B:B,1,0) -> B165043769
A62: 7 | B62: B166011031 | C62: زياني | D62: ياسر | E62: 212661438215 | F62: 212664087444 | H62: TCSF-2 | I62: الجذع المشترك العلمي – خيار فرنسية | J62: ذكر | K62: =VLOOKUP(B62,Feuil2!B:B,1,0) -> B166011031
A63: 16 | B63: B166017494 | C63: غنان | D63: آدم | E63: 212707734483 | F63: 212604453791 | H63: 3APIC-3 | I63: الثالثة إعدادي مسار دولي | J63: ذكر | K63: =VLOOKUP(B63,Feuil2!B:B,1,0) -> B166017494
A64: 13 | B64: B166023807 | C64: بنعلال | D64: مروة | F64: 212676948985 | H64: TCSF-1 | I64: الجذع المشترك العلمي – خيار فرنسية | J64: أنثى | K64: =VLOOKUP(B64,Feuil2!B:B,1,0) -> B166023807
A65: 13 | B65: B166023807 | C65: بنعلال | D65: مروة | F65: 212676948985 | H65: TCSF-1 | I65: الجذع المشترك العلمي – خيار فرنسية | J65: أنثى | K65: =VLOOKUP(B65,Feuil2!B:B,1,0) -> B166023807
A66: 6 | B66: B166027687 | C66: كرواز | D66: محمد | F66: 212635537002 | H66: TCSF-3 | I66: الجذع المشترك العلمي – خيار فرنسية | J66: ذكر | K66: =VLOOKUP(B66,Feuil2!B:B,1,0) -> B166027687
A67: 2 | B67: B166029268 | C67: الحرايكي | D67: محمد طه | E67: 212668372842 | F67: 212639791437 | H67: TCSF-2 | I67: الجذع المشترك العلمي – خيار فرنسية | J67: ذكر | K67: =VLOOKUP(B67,Feuil2!B:B,1,0) -> B166029268
A68: 8 | B68: B166029780 | C68: ملوكي | D68: يوسف | F68: 212661827402 | H68: TCSF-2 | I68: الجذع المشترك العلمي – خيار فرنسية | J68: ذكر | K68: =VLOOKUP(B68,Feuil2!B:B,1,0) -> B166029780
A69: 14 | B69: B166030832 | C69: الصابري | D69: سفيان | F69: 212664643359 | H69: TCSF-1 | I69: الجذع المشترك العلمي – خيار فرنسية | J69: ذكر | K69: =VLOOKUP(B69,Feuil2!B:B,1,0) -> B166030832
A70: 14 | B70: B166030832 | C70: الصابري | D70: سفيان | F70: 212664643359 | H70: TCSF-1 | I70: الجذع المشترك العلمي – خيار فرنسية | J70: ذكر | K70: =VLOOKUP(B70,Feuil2!B:B,1,0) -> B166030832
A71: 20 | B71: B167039531 | C71: الحيمري | D71: المهدي | E71: 212666668895 | F71: 212642059788 | H71: TCSF-3 | I71: الجذع المشترك العلمي – خيار فرنسية | J71: ذكر | K71: =VLOOKUP(B71,Feuil2!B:B,1,0) -> B167039531
A72: 16 | B72: B167045214 | C72: رهدوني | D72: إسراء | E72: 212660327360 | F72: 212677091247 | H72: TCSF-1 | I72: الجذع المشترك العلمي – خيار فرنسية | J72: أنثى | K72: =VLOOKUP(B72,Feuil2!B:B,1,0) -> B167045214
A73: 16 | B73: B167045214 | C73: رهدوني | D73: إسراء | E73: 212660327360 | F73: 212677091247 | H73: TCSF-1 | I73: الجذع المشترك العلمي – خيار فرنسية | J73: أنثى | K73: =VLOOKUP(B73,Feuil2!B:B,1,0) -> B167045214
A74: 14 | B74: B167046726 | C74: بن سهلي | D74: لينة | F74: 212643048974 | H74: TCSF-2 | I74: الجذع المشترك العلمي – خيار فرنسية | J74: أنثى | K74: =VLOOKUP(B74,Feuil2!B:B,1,0) -> B167046726
A75: 17 | B75: B168021888 | C75: بن عربية | D75: نهى | E75: 212661102131 | F75: 212666787546 | H75: TCSF-1 | I75: الجذع المشترك العلمي – خيار فرنسية | J75: أنثى | K75: =VLOOKUP(B75,Feuil2!B:B,1,0) -> B168021888
A76: 17 | B76: B168021888 | C76: بن عربية | D76: نهى | E76: 212661102131 | F76: 212666787546 | H76: TCSF-1 | I76: الجذع المشترك العلمي – خيار فرنسية | J76: أنثى | K76: =VLOOKUP(B76,Feuil2!B:B,1,0) -> B168021888
A77: 18 | B77: B168023118 | C77: هرهار | D77: آدم | E77: 212682571494 | F77: 212676502121 | H77: TCSF-1 | I77: الجذع المشترك العلمي – خيار فرنسية | J77: ذكر | K77: =VLOOKUP(B77,Feuil2!B:B,1,0) -> B168023118
A78: 18 | B78: B168023118 | C78: هرهار | D78: آدم | E78: 212682571494 | F78: 212676502121 | H78: TCSF-1 | I78: الجذع المشترك العلمي – خيار فرنسية | J78: ذكر | K78: =VLOOKUP(B78,Feuil2!B:B,1,0) -> B168023118
A79: 19 | B79: B168043916 | C79: العلمي | D79: محمد | E79: 212600081814 | H79: TCSF-1 | I79: الجذع المشترك العلمي – خيار فرنسية | J79: ذكر | K79: =VLOOKUP(B79,Feuil2!B:B,1,0) -> B168043916
A80: 19 | B80: B168043916 | C80: العلمي | D80: محمد | E80: 212600081814 | H80: TCSF-1 | I80: الجذع المشترك العلمي – خيار فرنسية | J80: ذكر | K80: =VLOOKUP(B80,Feuil2!B:B,1,0) -> B168043916
A81: 12 | B81: B168046270 | C81: زرهوني | D81: صفوان | E81: 212634068496 | F81: 212696379532 | H81: TCSF-3 | I81: الجذع المشترك العلمي – خيار فرنسية | J81: ذكر | K81: =VLOOKUP(B81,Feuil2!B:B,1,0) -> B168046270
A82: 17 | B82: B169014534 | C82: الماموني | D82: وائل | E82: 212665244245 | H82: 2APIC-2 | I82: الثانية إعدادي مسار دولي | J82: ذكر | K82: =VLOOKUP(B82,Feuil2!B:B,1,0) -> B169014534
A83: 6 | B83: B169022987 | C83: معضاض | D83: لينة | E83: 212668559518 | F83: 212619581005 | H83: TCSF-1 | I83: الجذع المشترك العلمي – خيار فرنسية | J83: أنثى | K83: =VLOOKUP(B83,Feuil2!B:B,1,0) -> B169022987
A84: 6 | B84: B169022987 | C84: معضاض | D84: لينة | E84: 212668559518 | F84: 212619581005 | H84: TCSF-1 | I84: الجذع المشترك العلمي – خيار فرنسية | J84: أنثى | K84: =VLOOKUP(B84,Feuil2!B:B,1,0) -> B169022987
A85: 16 | B85: B169029885 | C85: العلج | D85: ريحان | E85: 212661091979 | H85: TCSF-3 | I85: الجذع المشترك العلمي – خيار فرنسية | J85: ذكر | K85: =VLOOKUP(B85,Feuil2!B:B,1,0) -> B169029885
A86: 19 | B86: B169035062 | C86: لواشيشي | D86: أدم | E86: 33 6 67 25 28 69 | F86: 212628091819 | H86: TCSF-2 | I86: الجذع المشترك العلمي – خيار فرنسية | J86: ذكر | K86: =VLOOKUP(B86,Feuil2!B:B,1,0) -> B169035062
A87: 7 | B87: B169036034 | C87: صالحي | D87: أنس | F87: 212690524477 | H87: TCSF-3 | I87: الجذع المشترك العلمي – خيار فرنسية | J87: ذكر | K87: =VLOOKUP(B87,Feuil2!B:B,1,0) -> B169036034
A88: 13 | B88: B169049064 | C88: بوسعادة | D88: رميساء | E88: 212668432521 | F88: 212662512440 | H88: 3APIC-3 | I88: الثالثة إعدادي مسار دولي | J88: أنثى | K88: =VLOOKUP(B88,Feuil2!B:B,1,0) -> B169049064
A89: 11 | B89: B170036957 | C89: لحمايدي | D89: آية | E89: 212652035586 | F89: 212624894848 | H89: 3APIC-2 | I89: الثالثة إعدادي مسار دولي | J89: أنثى | K89: =VLOOKUP(B89,Feuil2!B:B,1,0) -> B170036957
A90: 3 | B90: B170037432 | C90: درفوفي | D90: خديجة | E90: 212666915847 | F90: 212662791941 | H90: 3APIC-3 | I90: الثالثة إعدادي مسار دولي | J90: أنثى | K90: =VLOOKUP(B90,Feuil2!B:B,1,0) -> B170037432
A91: 15 | B91: B170042308 | C91: مجون | D91: صفاء | E91: 212670281813 | F91: 212670231813 | H91: 3APIC-2 | I91: الثالثة إعدادي مسار دولي | J91: أنثى | K91: =VLOOKUP(B91,Feuil2!B:B,1,0) -> B170042308
A92: 8 | B92: B170049086 | C92: زياني | D92: ابرار هبة الله | E92: 212660606494 | F92: 212695326761 | H92: 3APIC-2 | I92: الثالثة إعدادي مسار دولي | J92: أنثى | K92: =VLOOKUP(B92,Feuil2!B:B,1,0) -> B170049086
A93: 18 | B93: B170052540 | C93: غازي | D93: نرجس | E93: 212661464242 | F93: 212767261219 | H93: 2APIC-1 | I93: الثانية إعدادي مسار دولي | J93: أنثى | K93: =VLOOKUP(B93,Feuil2!B:B,1,0) -> B170052540
A94: 19 | B94: B171030167 | C94: البري | D94: ليانة | E94: 212661404601 | F94: 212664932870 | H94: 3APIC-2 | I94: الثالثة إعدادي مسار دولي | J94: أنثى | K94: =VLOOKUP(B94,Feuil2!B:B,1,0) -> B171030167
A95: 12 | B95: B171036866 | C95: زروقي | D95: نعيمة | F95: 212640447431 | H95: 3APIC-3 | I95: الثالثة إعدادي مسار دولي | J95: أنثى | K95: =VLOOKUP(B95,Feuil2!B:B,1,0) -> B171036866
A96: 3 | B96: B171042218 | C96: ركبي | D96: هجار | E96: 212680011126 | F96: 212608246916 | H96: 3APIC-1 | I96: الثالثة إعدادي مسار دولي | J96: أنثى | K96: =VLOOKUP(B96,Feuil2!B:B,1,0) -> B171042218
A97: 10 | B97: B171046359 | C97: بكاوي | D97: محمد | E97: 212658435280 | F97: 212651956707 | H97: 3APIC-2 | I97: الثالثة إعدادي مسار دولي | J97: ذكر | K97: =VLOOKUP(B97,Feuil2!B:B,1,0) -> B171046359
A98: 12 | B98: B172047377 | C98: الملحاوي | D98: امينة | E98: 212702323974 | H98: 3APIC-1 | I98: الثالثة إعدادي مسار دولي | J98: أنثى | K98: =VLOOKUP(B98,Feuil2!B:B,1,0) -> B172047377
A99: 23 | B99: B173014945 | C99: بلمير | D99: ملاك | E99: 34 631 21 58 96 | F99: 212607362305 | H99: 3APIC-2 | I99: الثالثة إعدادي مسار دولي | J99: أنثى | K99: =VLOOKUP(B99,Feuil2!B:B,1,0) -> B173014945
A100: 13 | B100: B173017845 | C100: دحماني | D100: الاء | E100: 212670105524 | F100: 212679196861 | H100: 3APIC-1 | I100: الثالثة إعدادي مسار دولي | J100: أنثى | K100: =VLOOKUP(B100,Feuil2!B:B,1,0) -> B173017845
...

Sheet Feuil2
A1: N | B1: CodeMassar | C1: Nom | D1: Prenom | E1: Genre | F1: Classe | G1: Nom complet | H1: Colonne1 | I1: Colonne2
A2: 1 | B2: A168048298 | C2: القندوسي | D2: حمزة | E2: ذكر | F2: TCSF-3 | G2: الجذع المشترك العلمي – خيار فرنسية | H2: القندوسي حمزة | I2: =VLOOKUP(TB_Eleves[[#This Row],[CodeMassar]],Feuil1!B:B,1,0) -> A168048298
A3: 11 | B3: B160005970 | C3: ميحيت | D3: خيرة | E3: أنثى | F3: TCSF-3 | G3: الجذع المشترك العلمي – خيار فرنسية | H3: ميحيت خيرة | I3: =VLOOKUP(TB_Eleves[[#This Row],[CodeMassar]],Feuil1!B:B,1,0) -> B160005970
A4: 17 | B4: B160006503 | C4: حسايني | D4: اسلام | E4: أنثى | F4: TCSF-3 | G4: الجذع المشترك العلمي – خيار فرنسية | H4: حسايني اسلام | I4: =VLOOKUP(TB_Eleves[[#This Row],[CodeMassar]],Feuil1!B:B,1,0) -> B160006503
A5: 12 | B5: B160025216 | C5: علاوي | D5: خولة | E5: أنثى | F5: TCSF-2 | G5: الجذع المشترك العلمي – خيار فرنسية | H5: علاوي خولة | I5: =VLOOKUP(TB_Eleves[[#This Row],[CodeMassar]],Feuil1!B:B,1,0) -> B160025216
A6: 20 | B6: B160039442 | C6: الجلد | D6: آدم | E6: ذكر | F6: TCSF-1 | G6: الجذع المشترك العلمي – خيار فرنسية | H6: الجلد آدم | I6: =VLOOKUP(TB_Eleves[[#This Row],[CodeMassar]],Feuil1!B:B,1,0) -> B160039442
A7: 2 | B7: B160042328 | C7: دوحي | D7: هاجر | E7: أنثى | F7: 3APIC-1 | G7: الثالثة إعدادي مسار دولي | H7: دوحي هاجر | I7: =VLOOKUP(TB_Eleves[[#This Row],[CodeMassar]],Feuil1!B:B,1,0) -> B160042328
A8: 1 | B8: B160046082 | C8: حناني | D8: محمد أيمن | E8: ذكر | F8: TCSF-1 | G8: الجذع المشترك العلمي – خيار فرنسية | H8: حناني محمد أيمن | I8: =VLOOKUP(TB_Eleves[[#This Row],[CodeMassar]],Feuil1!B:B,1,0) -> B160046082
A9: 22 | B9: B160046699 | C9: العياشي | D9: نبيل | E9: ذكر | F9: TCSF-3 | G9: الجذع المشترك العلمي – خيار فرنسية | H9: العياشي نبيل | I9: =VLOOKUP(TB_Eleves[[#This Row],[CodeMassar]],Feuil1!B:B,1,0) -> B160046699
A10: 2 | B10: B161004436 | C10: دوحي | D10: هناء | E10: أنثى | F10: TCSF-1 | G10: الجذع المشترك العلمي – خيار فرنسية | H10: دوحي هناء | I10: =VLOOKUP(TB_Eleves[[#This Row],[CodeMassar]],Feuil1!B:B,1,0) -> B161004436
A11: 14 | B11: B161004447 | C11: مغفور | D11: عثمان | E11: ذكر | F11: 3APIC-3 | G11: الثالثة إعدادي مسار دولي | H11: مغفور عثمان | I11: =VLOOKUP(TB_Eleves[[#This Row],[CodeMassar]],Feuil1!B:B,1,0) -> B161004447
A12: 1 | B12: B161006718 | C12: اصغيري | D12: صفاء | E12: أنثى | F12: TCSF-2 | G12: الجذع المشترك العلمي – خيار فرنسية | H12: اصغيري صفاء | I12: =VLOOKUP(TB_Eleves[[#This Row],[CodeMassar]],Feuil1!B:B,1,0) -> B161006718
A13: 21 | B13: B161030628 | C13: بوسغان | D13: مهدي | E13: ذكر | F13: TCSF-1 | G13: الجذع المشترك العلمي – خيار فرنسية | H13: بوسغان مهدي | I13: =VLOOKUP(TB_Eleves[[#This Row],[CodeMassar]],Feuil1!B:B,1,0) -> B161030628
... A466: 20 | B466: H145082456 | C466: العامري | D466: محمد أمين | E466: ذكر | F466: 2BACSPF-4 | G466: الثانية باكالوريا العلوم الفيزيائية – خ. فرنسية | H466: العامري محمد أمين | I466: =VLOOKUP(TB_Eleves[[#This Row],[CodeMassar]],Feuil1!B:B,1,0) -> H145082456
